Configuração,Fitness,Valor x,Valor y,Tempo (s)
Com Elitismo,0.999976,1.002152,1.004379,6.7188
Sem Elitismo,0.999465,1.005844,1.011765,6.9528
Pop=20,0.892605,0.805707,0.819257,0.9752
Pop=50,0.949882,0.896071,0.892317,3.059
Pop=100,0.999973,1.001755,1.003616,6.9266
Pop=200,0.999991,0.998489,0.997055,18.3566
